[
    {
        "name": "service-instance-id",
        "property": {
            "description": "",
            "required": false,
            "type": "string",
            "status": "",
            "constraints": [
                {}
            ],
            "entry_schema": {
                "type": ""
            }
        },
        "input-param": false,
        "dictionary-name": "service-instance-id",
        "dictionary-source": "input",
        "dependencies": [],
        "version": 0
    },
    {
        "name": "vnf-id",
        "property": {
            "description": "",
            "required": false,
            "type": "string",
            "status": "",
            "constraints": [
                {}
            ],
            "entry_schema": {
                "type": ""
            }
        },
        "input-param": false,
        "dictionary-name": "vnf-id",
        "dictionary-source": "input",
        "dependencies": [],
        "version": 0
    }
]
