[
	{
		"name": "netconf-password",
		"tags": "netconf-password",
		"data_type": "string",
		"description": "netconf-password",
		"entry_schema": "string",
		"updated-by": "Aarna service <aarna_services@aarnanetworks.com>",
		"updatedBy": "Aarna service <aarna_services@aarnanetworks.com>",
		"definition": {
			"tags": "netconf-password",
			"name": "netconf-password",
			"property": {
				"description": "netconf-password string attribute",
				"type": "string"
			},
			"updated-by": "Aarna service <aarna_services@aarnanetworks.com>",
			"sources": {
				"input": {
					"type": "source-input",
					"properties": {}
				}
			}
		}
	},
	{
		"name": "netconf-username",
		"tags": "netconf-username",
		"data_type": "string",
		"description": "netconf-username",
		"entry_schema": "string",
		"updated-by": "Aarna service <aarna_services@aarnanetworks.com>",
		"updatedBy": "Aarna service <aarna_services@aarnanetworks.com>",
		"definition": {
			"tags": "netconf-username",
			"name": "netconf-username",
			"property": {
				"description": "netconf-username string attribute",
				"type": "string"
			},
			"updated-by": "Aarna service <aarna_services@aarnanetworks.com>",
			"sources": {
				"input": {
					"type": "source-input",
					"properties": {}
				}
			}
		}
	},
	{
		"name": "netconf-server-port",
		"tags": "netconf-server-port",
		"data_type": "string",
		"description": "netconf-server-port",
		"entry_schema": "string",
		"updated-by": "Aarna service <aarna_services@aarnanetworks.com>",
		"updatedBy": "Aarna service <aarna_services@aarnanetworks.com>",
		"definition": {
			"tags": "netconf-server-port",
			"name": "netconf-server-port",
			"property": {
				"description": "netconf-server-port string attribute",
				"type": "string"
			},
			"updated-by": "Aarna service <aarna_services@aarnanetworks.com>",
			"sources": {
				"input": {
					"type": "source-input",
					"properties": {}
				}
			}
		}
	},
	{
		"name": "pnf-id",
		"tags": "pnf-id",
		"data_type": "string",
		"description": "pnf-id",
		"entry_schema": "string",
		"updated-by": "Aarna service <aarna_services@aarnanetworks.com>",
		"updatedBy": "Aarna service <aarna_services@aarnanetworks.com>",
		"definition": {
			"tags": "pnf-id",
			"name": "pnf-id",
			"property": {
				"description": "pnf-id string attribute",
				"type": "string"
			},
			"updated-by": "Aarna service <aarna_services@aarnanetworks.com>",
			"sources": {
				"input": {
					"type": "source-input",
					"properties": {}
				}
			}
		}
	},
	{

		"name": "pnf-ipv4-address",
		"tags": "pnf-ipv4-address",
		"data_type": "string",
		"description": "pnf-ipv4-address",
		"entry_schema": "string",
		"updated-by": "Aarna service <aarna_services@aarnanetworks.com>",
		"updatedBy": "Aarna service <aarna_services@aarnanetworks.com>",
		"definition": {
			"tags": "pnf-ipv4-address",
			"name": "pnf-ipv4-address",
			"property": {
				"description": "pnf-ipv4-address string attribute",
				"type": "string"
			},
			"updated-by": "Aarna service <aarna_services@aarnanetworks.com>",
			"sources": {
				"input": {
					"type": "source-input",
					"properties": {}
				}
			}
		}

	},
	{
		"name": "stream-count",
		"tags": "stream-count",
		"data_type": "string",
		"description": "stream-count",
		"entry_schema": "string",
		"updated-by": "Aarna service <aarna_services@aarnanetworks.com>",
		"updatedBy": "Aarna service <aarna_services@aarnanetworks.com>",
		"definition": {
			"tags": "stream-count",
			"name": "stream-count",
			"property": {
				"description": "stream-count string attribute",
				"type": "integer"
			},
			"updated-by": "Aarna service <aarna_services@aarnanetworks.com>",
			"sources": {
				"input": {
					"type": "source-default",
					"properties": {}
				},
				"default": {

					"type": "source-default",

					"properties": {}

				}
			}
		}
	}
]
