{
  "artifact_types" : {
    "artifact-directed-graph" : {
      "description" : "Directed Graph File",
      "version" : "1.0.0",
      "derived_from" : "tosca.artifacts.Implementation",
      "file_ext" : [ "json", "xml" ]
    },
    "artifact-mapping-resource" : {
      "description" : "Resource Mapping File used along with Configuration template",
      "version" : "1.0.0",
      "derived_from" : "tosca.artifacts.Implementation",
      "file_ext" : [ "json" ]
    },
    "artifact-script-ansible" : {
      "description" : "Ansible Script file",
      "version" : "1.0.0",
      "derived_from" : "tosca.artifacts.Implementation",
      "file_ext" : [ "yaml" ]
    },
    "artifact-template-jinja" : {
      "description" : " Jinja Template used for Configuration",
      "version" : "1.0.0",
      "derived_from" : "tosca.artifacts.Implementation",
      "file_ext" : [ "jinja" ]
    }
  }
}