{
  "data_types" : {
    "dt-isis-properties" : {
      "description" : "Dynamic DataType definition for workflow(isis).",
      "version" : "1.0.0",
      "properties" : {
        "address" : {
          "type" : "string",
          "default" : "4.4.4.4/3"
        },
        "netID" : {
          "type" : "string"
        },
        "name" : {
          "type" : "string",
          "default" : "Loopback0"
        },
        "ipv4_network" : {
          "type" : "boolean",
          "default" : "true"
        },
        "hostIps" : {
          "type" : "list",
          "entry_schema" : {
            "type" : "string"
          }
        },
        "active" : {
          "type" : "string",
          "default" : "act"
        },
        "hostnames" : {
          "type" : "list",
          "entry_schema" : {
            "type" : "string"
          }
        },
        "mask" : {
          "type" : "string",
          "default" : "255.255.255.255"
        }
      },
      "derived_from" : "tosca.datatypes.Dynamic"
    },
    "dt-system-packages" : {
      "description" : "This represent System Package Data Type",
      "version" : "1.0.0",
      "properties" : {
        "type" : {
          "required" : true,
          "type" : "string",
          "constraints" : [ {
            "valid_values" : [ "ansible_galaxy", "pip" ]
          } ]
        },
        "package" : {
          "required" : true,
          "type" : "list",
          "entry_schema" : {
            "type" : "string"
          }
        }
      },
      "derived_from" : "tosca.datatypes.Root"
    }
  }
}