{
  "default" : {
    "tags" : "default",
    "name" : "default",
    "property" : {
      "description" : "default",
      "type" : "string"
    },
    "updated-by" : "adetalhouet",
    "sources" : {
      "default" : {
        "type" : "source-default",
        "properties" : { }
      }
    }
  },
  "input" : {
    "tags" : "input",
    "name" : "input",
    "property" : {
      "description" : "input",
      "type" : "string"
    },
    "updated-by" : "adetalhouet",
    "sources" : {
      "input" : {
        "type" : "source-input",
        "properties" : { }
      }
    }
  },
  "pnf-ips" : {
    "tags" : "pnf-ips, isis",
    "name" : "pnf-ips",
    "property" : {
      "description" : "get pnf ip from aai",
      "type" : "string"
    },
    "updated-by" : "adetalhouet",
    "sources" : {
      "capability" : {
        "type" : "source-capability",
        "properties" : {
          "script-type" : "jython",
          "script-class-reference" : "Scripts/python/PnfIps.py",
          "instance-dependencies" : [ ]
        }
      }
    }
  },
  "sid" : {
    "tags" : "sid, isis",
    "name" : "sid",
    "property" : {
      "description" : "sis computation",
      "type" : "string"
    },
    "updated-by" : "adetalhouet",
    "sources" : {
      "capability" : {
        "type" : "source-capability",
        "properties" : {
          "script-type" : "jython",
          "script-class-reference" : "Scripts/python/Sid.py",
          "instance-dependencies" : [ ]
        }
      }
    }
  }
}