[
  {
    "name": "service-instance-id",
    "property": {
      "description": "",
      "required": false,
      "type": "string",
      "status": "",
      "constraints": [
        {}
      ],
      "entry_schema": {
        "type": ""
      }
    },
    "input-param": false,
    "dictionary-name": "service-instance-id",
    "dictionary-source": "input",
    "dependencies": [],
    "version": 0
  },
  {
    "name": "vnf-id",
    "property": {
      "description": "",
      "required": false,
      "type": "string",
      "status": "",
      "constraints": [
        {}
      ],
      "entry_schema": {
        "type": ""
      }
    },
    "input-param": false,
    "dictionary-name": "vnf-id",
    "dictionary-source": "input",
    "dependencies": [],
    "version": 0
  },
  {
    "name": "vdns_vf_module_id",
    "property": {
      "description": "",
      "required": false,
      "type": "string",
      "status": "",
      "constraints": [
        {}
      ],
      "entry_schema": {
        "type": ""
      }
    },
    "input-param": false,
    "dictionary-name": "vdns_vf_module_id",
    "dictionary-source": "primary-config-data",
    "dependencies": [
	  "service-instance-id",
      "vnf-id"
    ],
    "version": 0
  },
  {
    "name": "vdns_int_private_ip_0",
    "property": {
      "description": "",
      "required": false,
      "type": "string",
      "status": "",
      "constraints": [
        {}
      ],
      "entry_schema": {
        "type": ""
      }
    },
    "input-param": false,
    "dictionary-name": "vdns_int_private_ip_0",
    "dictionary-source": "primary-config-data",
    "dependencies": [
      "service-instance-id",
      "vnf-id",
      "vdns_vf_module_id"
    ],
    "version": 0
  },
  {
    "name": "vdns_onap_private_ip_0",
    "property": {
      "description": "",
      "required": false,
      "type": "string",
      "status": "",
      "constraints": [
        {}
      ],
      "entry_schema": {
        "type": ""
      }
    },
    "input-param": false,
    "dictionary-name": "vdns_onap_private_ip_0",
    "dictionary-source": "primary-config-data",
    "dependencies": [
      "service-instance-id",
      "vnf-id",
      "vdns_vf_module_id"
    ],
    "version": 0
  }
]