[
  {
    "name": "cloud_env",
    "property": {
      "description": "",
      "required": false,
      "type": "string",
      "status": "",
      "constraints": [
        {}
      ],
      "entry_schema": {
        "type": ""
      }
    },
    "input-param": false,
    "dictionary-name": "cloud_env",
    "dictionary-source": "primary-config-data",
    "dependencies": [
      "service-instance-id",
      "vnf-id"
    ],
    "version": 0
  },
    {
    "name": "create-md-sal-vnf-param",
    "property": {
      "description": "",
      "required": false,
      "type": "string",
      "status": "",
      "constraints": [
        {}
      ],
      "entry_schema": {
        "type": ""
      }
    },
    "input-param": false,
    "dictionary-name": "create-md-sal-vnf-param",
    "dictionary-source": "primary-config-data",
    "dependencies": [
       "service-instance-id",
	  "vnf-id",
	  "vf-module-id"
    ],
    "version": 0
  },
     
  {
    "name": "private1-prefix-id",
    "property": {
      "description": "",
      "required": false,
      "type": "string",
      "status": "",
      "constraints": [
        {}
      ],
      "entry_schema": {
        "type": ""
      },
      "default": ""
    },
    "input-param": false,
    "dictionary-name": "private1-prefix-id",
    "dictionary-source": "processor-db",
    "dependencies": [],
    "version": 0
  },
    {
    "name": "management-prefix-id",
    "property": {
      "description": "",
      "required": false,
      "type": "string",
      "status": "",
      "constraints": [
        {}
      ],
      "entry_schema": {
        "type": ""
      },
      "default": ""
    },
    "input-param": false,
    "dictionary-name": "management-prefix-id",
    "dictionary-source": "processor-db",
    "dependencies": [],
    "version": 0
  },
  {
    "name": "onap_private_net_cidr",
    "property": {
      "description": "",
      "required": false,
      "type": "string",
      "status": "",
      "constraints": [
        {}
      ],
      "entry_schema": {
        "type": ""
      }
    },
    "input-param": false,
    "dictionary-name": "onap_private_net_cidr",
    "dictionary-source": "primary-config-data",
    "dependencies": [
      "service-instance-id",
      "vnf-id"
    ],
    "version": 0
  },
  {
    "name": "vf_module_name",
    "property": {
      "description": "",
      "required": false,
      "type": "string",
      "status": "",
      "constraints": [
        {}
      ],
      "entry_schema": {
        "type": ""
      },
      "default": "${vf_module_name}"
    },
    "input-param": false,
    "dictionary-name": "vf_module_name",
    "dictionary-source": "default",
    "dependencies": [],
    "version": 0
  },
  {
    "name": "install_script_version",
    "property": {
      "description": "",
      "required": false,
      "type": "string",
      "status": "",
      "constraints": [
        {}
      ],
      "entry_schema": {
        "type": ""
      }
	
    },
    "input-param": false,
    "dictionary-name": "install_script_version",
    "dictionary-source": "primary-config-data",
    "dependencies": [
	 "service-instance-id",
      "vnf-id"
    ],
    "version": 0
  },
  {
    "name": "keypair",
    "property": {
      "description": "",
      "required": false,
      "type": "string",
      "status": "",
      "constraints": [
        {}
      ],
      "entry_schema": {
        "type": ""
      },
      "default": "vlb_key"
    },
    "input-param": false,
    "dictionary-name": "keypair",
    "dictionary-source": "default",
    "dependencies": [],
    "version": 0
  },
  {
    "name": "nb_api_version",
    "property": {
      "description": "",
      "required": false,
      "type": "string",
      "status": "",
      "constraints": [
        {}
      ],
      "entry_schema": {
        "type": ""
      },
      "default": "1.2.0"
    },
    "input-param": false,
    "dictionary-name": "nb_api_version",
    "dictionary-source": "default",
    "dependencies": [],
    "version": 0
  },
  {
    "name": "nexus_artifact_repo",
    "property": {
      "description": "",
      "required": false,
      "type": "string",
      "status": "",
      "constraints": [
        {}
      ],
      "entry_schema": {
        "type": ""
      },
      "default": "https://nexus.onap.org"
    },
    "input-param": false,
    "dictionary-name": "nexus_artifact_repo",
    "dictionary-source": "default",
    "dependencies": [],
    "version": 0
  },
  {
    "name": "nfc-naming-code",
    "property": {
      "description": "",
      "required": false,
      "type": "string",
      "status": "",
      "constraints": [
        {}
      ],
      "entry_schema": {
        "type": ""
      }
    },
    "input-param": false,
    "dictionary-name": "nfc-naming-code",
    "dictionary-source": "processor-db",
    "dependencies": [
      "vfccustomizationuuid"
    ],
    "version": 0
  },
  {
    "name": "onap_private_net_id",
    "property": {
      "description": "",
      "required": false,
      "type": "string",
      "status": "",
      "constraints": [
        {}
      ],
      "entry_schema": {
        "type": ""
      }
    },
    "input-param": false,
    "dictionary-name": "onap_private_net_id",
    "dictionary-source": "primary-config-data",
    "dependencies": [
      "service-instance-id",
      "vnf-id"
    ],
    "version": 0
  },
  {
    "name": "onap_private_subnet_id",
    "property": {
      "description": "",
      "required": false,
      "type": "string",
      "status": "",
      "constraints": [
        {}
      ],
      "entry_schema": {
        "type": ""
      }
    },
    "input-param": false,
    "dictionary-name": "onap_private_subnet_id",
    "dictionary-source": "primary-config-data",
    "dependencies": [
      "service-instance-id",
      "vnf-id"
    ],
    "version": 0
  },
  {
    "name": "public_net_id",
    "property": {
      "description": "",
      "required": false,
      "type": "string",
      "status": "",
      "constraints": [
        {}
      ],
      "entry_schema": {
        "type": ""
      }
    },
    "input-param": false,
    "dictionary-name": "public_net_id",
    "dictionary-source": "primary-config-data",
    "dependencies": [
      "service-instance-id",
      "vnf-id"
    ],
    "version": 0
  },
  {
    "name": "sec_group",
    "property": {
      "description": "",
      "required": false,
      "type": "string",
      "status": "",
      "constraints": [
        {}
      ],
      "entry_schema": {
        "type": ""
      }
    },
    "input-param": false,
    "dictionary-name": "sec_group",
    "dictionary-source": "primary-config-data",
    "dependencies": [
      "service-instance-id",
      "vnf-id"
    ],
    "version": 0
  },
  {
    "name": "service-instance-id",
    "property": {
      "description": "",
      "required": false,
      "type": "string",
      "status": "",
      "constraints": [
        {}
      ],
      "entry_schema": {
        "type": ""
      }
    },
    "input-param": false,
    "dictionary-name": "service-instance-id",
    "dictionary-source": "input",
    "dependencies": [],
    "version": 0
  },
  {
    "name": "vdns_flavor_name",
    "property": {
      "description": "",
      "required": false,
      "type": "string",
      "status": "",
      "constraints": [
        {}
      ],
      "entry_schema": {
        "type": ""
      },
      "default": "m1.medium"
    },
    "input-param": false,
    "dictionary-name": "vdns_flavor_name",
    "dictionary-source": "default",
    "dependencies": [],
    "version": 0
  },
  
  {
    "name": "vdns_name_0",
    "property": {
      "description": "",
      "required": false,
      "type": "string",
      "status": "",
      "constraints": [
        {}
      ],
      "entry_schema": {
        "type": ""
      },
      "default": "${vdns_name_0}"
    },
    "input-param": false,
    "dictionary-name": "vdns_name_0",
    "dictionary-source": "default",
    "dependencies": [],
    "version": 0
  },
    {
    "name": "vdns_int_private_ip_0",
    "property": {
      "description": "",
      "required": false,
      "type": "string",
      "status": "",
      "constraints": [
        {}
      ],
      "entry_schema": {
        "type": ""
      },
      "default": "${vdns_int_private_ip_0}"
    },
    "input-param": false,
    "dictionary-name": "vdns_int_private_ip_0",
    "dictionary-source": "default",
    "dependencies": [],
    "version": 0
  },
  {
    "name": "vdns_onap_private_ip_0",
    "property": {
      "description": "",
      "required": false,
      "type": "string",
      "status": "",
      "constraints": [
        {}
      ],
      "entry_schema": {
        "type": ""
      },
      "default": "${vdns_onap_private_ip_0}"
    },
    "input-param": false,
    "dictionary-name": "vdns_onap_private_ip_0",
    "dictionary-source": "default",
    "dependencies": [],
    "version": 0
  },
  {
    "name": "vf-module-id",
    "property": {
      "description": "",
      "required": false,
      "type": "string",
      "status": "",
      "constraints": [
        {}
      ],
      "entry_schema": {
        "type": ""
      }
    },
    "input-param": false,
    "dictionary-name": "vf-module-id",
    "dictionary-source": "input",
    "dependencies": [],
    "version": 0
  },
  {
    "name": "vf-module-label",
    "property": {
      "description": "",
      "required": false,
      "type": "string",
      "status": "",
      "constraints": [
        {}
      ],
      "entry_schema": {
        "type": ""
      }
    },
    "input-param": false,
    "dictionary-name": "vf-module-label",
    "dictionary-source": "processor-db",
    "dependencies": [
      "vf-module-model-customization-uuid"
    ],
    "version": 0
  },
  {
    "name": "vf-module-model-customization-uuid",
    "property": {
      "description": "",
      "required": false,
      "type": "string",
      "status": "",
      "constraints": [
        {}
      ],
      "entry_schema": {
        "type": ""
      }
    },
    "input-param": false,
    "dictionary-name": "vf-module-model-customization-uuid",
    "dictionary-source": "input",
    "dependencies": [],
    "version": 0
  },
  {
    "name": "vf-module-type",
    "property": {
      "description": "",
      "required": false,
      "type": "string",
      "status": "",
      "constraints": [
        {}
      ],
      "entry_schema": {
        "type": ""
      }
    },
    "input-param": false,
    "dictionary-name": "vf-module-type",
    "dictionary-source": "processor-db",
    "dependencies": [
      "vf-module-model-customization-uuid"
    ],
    "version": 0
  },
    {
    "name": "vf-naming-policy",
    "property": {
      "description": "",
      "required": false,
      "type": "string",
      "status": "",
      "constraints": [
        {}
      ],
      "entry_schema": {
        "type": ""
      }
	  },
    "input-param": false,
    "dictionary-name": "vf-naming-policy",
    "dictionary-source": "primary-config-data",
    "dependencies": [
	  "service-instance-id",
      "vnf-id"
	],
    "version": 0
  },
  
  {
    "name": "vfccustomizationuuid",
    "property": {
      "description": "",
      "required": false,
      "type": "string",
      "status": "",
      "constraints": [
        {}
      ],
      "entry_schema": {
        "type": ""
      }
    },
    "input-param": false,
    "dictionary-name": "vfccustomizationuuid",
    "dictionary-source": "processor-db",
    "dependencies": [
      "vf-module-model-customization-uuid"
    ],
    "version": 0
  },
  {
    "name": "vlb_int_pktgen_private_ip_0",
    "property": {
      "description": "",
      "required": false,
      "type": "string",
      "status": "",
      "constraints": [
        {}
      ],
      "entry_schema": {
        "type": ""
      }
    },
    "input-param": false,
    "dictionary-name": "vlb_int_pktgen_private_ip_0",
    "dictionary-source": "primary-config-data",
    "dependencies": [
      "service-instance-id",
      "vnf-id"
    ],
    "version": 0
  },
  {
    "name": "vlb_int_private_ip_0",
    "property": {
      "description": "",
      "required": false,
      "type": "string",
      "status": "",
      "constraints": [
        {}
      ],
      "entry_schema": {
        "type": ""
      }
    },
    "input-param": false,
    "dictionary-name": "vlb_int_private_ip_0",
    "dictionary-source": "primary-config-data",
    "dependencies": [
      "service-instance-id",
      "vnf-id"
    ],
    "version": 0
  },
  {
    "name": "vlb_onap_private_ip_0",
    "property": {
      "description": "",
      "required": false,
      "type": "string",
      "status": "",
      "constraints": [
        {}
      ],
      "entry_schema": {
        "type": ""
      }
    },
    "input-param": false,
    "dictionary-name": "vlb_onap_private_ip_0",
    "dictionary-source": "primary-config-data",
    "dependencies": [
      "service-instance-id",
      "vnf-id"
    ],
    "version": 0
  },
  {
    "name": "vlb_private_net_cidr",
    "property": {
      "description": "",
      "required": false,
      "type": "string",
      "status": "",
      "constraints": [
        {}
      ],
      "entry_schema": {
        "type": ""
      }
    },
    "input-param": false,
    "dictionary-name": "vlb_private_net_cidr",
    "dictionary-source": "primary-config-data",
    "dependencies": [
      "service-instance-id",
      "vnf-id"
    ],
    "version": 0
  },
  {
    "name": "vm-type",
    "property": {
      "description": "",
      "required": false,
      "type": "string",
      "status": "",
      "constraints": [
        {}
      ],
      "entry_schema": {
        "type": ""
      }
    },
    "input-param": false,
    "dictionary-name": "vm-type",
    "dictionary-source": "processor-db",
    "dependencies": [],
    "version": 0
  },
  {
    "name": "vnf-id",
    "property": {
      "description": "",
      "required": false,
      "type": "string",
      "status": "",
      "constraints": [
        {}
      ],
      "entry_schema": {
        "type": ""
      }
    },
    "input-param": false,
    "dictionary-name": "vnf-id",
    "dictionary-source": "input",
    "dependencies": [],
    "version": 0
  },
  {
    "name": "vnf-model-customization-uuid",
    "property": {
      "description": "",
      "required": false,
      "type": "string",
      "status": "",
      "constraints": [
        {}
      ],
      "entry_schema": {
        "type": ""
      }
    },
    "input-param": false,
    "dictionary-name": "vnf-model-customization-uuid",
    "dictionary-source": "input",
    "dependencies": [],
    "version": 0
  },
  {
    "name": "vnf_name",
    "property": {
      "description": "",
      "required": false,
      "type": "string",
      "status": "",
      "constraints": [
        {}
      ],
      "entry_schema": {
        "type": ""
      }
    },
    "input-param": false,
    "dictionary-name": "vnf_name",
    "dictionary-source": "primary-config-data",
    "dependencies": [
      "service-instance-id",
      "vnf-id"
    ],
    "version": 0
  },
  {
    "name": "vnfc-model-invariant-uuid",
    "property": {
      "description": "",
      "required": false,
      "type": "string",
      "status": "",
      "constraints": [
        {}
      ],
      "entry_schema": {
        "type": ""
      }
    },
    "input-param": false,
    "dictionary-name": "vnfc-model-invariant-uuid",
    "dictionary-source": "processor-db",
    "dependencies": [
      "vfccustomizationuuid"
    ],
    "version": 0
  },
  {
    "name": "vdns_image_name",
    "property": {
      "description": "",
      "required": false,
      "type": "string",
      "status": "",
      "constraints": [
        {}
      ],
      "entry_schema": {
        "type": ""
      }
	  },
    "input-param": false,
    "dictionary-name": "image_name",
    "dictionary-source": "primary-config-data",
    "dependencies": [
	  "service-instance-id",
      "vnf-id"
	  ],
    "version": 0
  },
  {
    "name": "vnfc-model-version",
    "property": {
      "description": "",
      "required": false,
      "type": "string",
      "status": "",
      "constraints": [
        {}
      ],
      "entry_schema": {
        "type": ""
      }
    },
    "input-param": false,
    "dictionary-name": "vnfc-model-version",
    "dictionary-source": "processor-db",
    "dependencies": [
      "vfccustomizationuuid"
    ],
    "version": 0
  }
]